<?xml version="1.0" ?><charts><entries><chart><id>1</id><name>New Chart</name><period>3600</period><legend>true</legend><items></items><axis><axis><position>left</position></axis><axis><position>right</position></axis></axis></chart><chart><id>2</id><name>New Chart</name><period>86400</period><legend>true</legend><items><item><item>Kitchen_Temperature_Chart</item><axis>left</axis><label>Kitchen_Temperature_Chart</label></item></items><axis><axis><position>left</position></axis><axis><position>right</position></axis></axis></chart><chart><id>3</id><name>New Chart</name><period>86400</period><legend>true</legend><items><item><item>Kitchen_Temperature_Chart</item><axis>left</axis><label>Kitchen_Temperature_Chart</label></item></items><axis><axis><position>left</position></axis><axis><position>right</position></axis></axis></chart></entries></charts>