{
  "astro:sun:local": {
    "class": "org.eclipse.smarthome.config.discovery.internal.DiscoveryResultImpl",
    "value": {
      "thingUID": {
        "segments": [
          "astro",
          "sun",
          "local"
        ]
      },
      "thingTypeUID": {
        "segments": [
          "astro",
          "sun"
        ]
      },
      "properties": {
        "geolocation": "52.774616685545084,-1.288892301274622,0"
      },
      "representationProperty": "geolocation",
      "flag": "NEW",
      "label": "Local Sun",
      "timestamp": 1548977727765,
      "timeToLive": -1
    }
  }
}